<?xml version="1.0" encoding="UTF-8"?>
<issues format="6" by="lint 8.8.0" type="baseline" client="gradle" dependencies="false" name="AGP (8.8.0)" variant="all" version="8.8.0">

    <issue
        id="OldTargetApi"
        message="Not targeting the latest versions of Android; compatibility modes apply. Consider testing and updating this version. Consult the `android.os.Build.VERSION_CODES` javadoc for details."
        errorLine1="        targetSdk = 34"
        errorLine2="        ~~~~~~~~~~~~~~">
        <location
            file="build.gradle.kts"
            line="14"
            column="9"/>
    </issue>

    <issue
        id="GradleDependency"
        message="A newer version of androidx.core:core-ktx than 1.12.0 is available: 1.15.0"
        errorLine1="    implementation(&quot;androidx.core:core-ktx:1.12.0&quot;)"
        errorLine2="                   ~~~~~~~~~~~~~~~~~~~~~~~~~~~~~~~">
        <location
            file="build.gradle.kts"
            line="65"
            column="20"/>
    </issue>

    <issue
        id="GradleDependency"
        message="A newer version of androidx.appcompat:appcompat than 1.6.1 is available: 1.7.0"
        errorLine1="    implementation(&quot;androidx.appcompat:appcompat:1.6.1&quot;)"
        errorLine2="                   ~~~~~~~~~~~~~~~~~~~~~~~~~~~~~~~~~~~~">
        <location
            file="build.gradle.kts"
            line="66"
            column="20"/>
    </issue>

    <issue
        id="GradleDependency"
        message="A newer version of com.google.android.material:material than 1.11.0 is available: 1.12.0"
        errorLine1="    implementation(&quot;com.google.android.material:material:1.11.0&quot;)"
        errorLine2="                   ~~~~~~~~~~~~~~~~~~~~~~~~~~~~~~~~~~~~~~~~~~~~~">
        <location
            file="build.gradle.kts"
            line="67"
            column="20"/>
    </issue>

    <issue
        id="GradleDependency"
        message="A newer version of androidx.constraintlayout:constraintlayout than 2.1.4 is available: 2.2.0"
        errorLine1="    implementation(&quot;androidx.constraintlayout:constraintlayout:2.1.4&quot;)"
        errorLine2="                   ~~~~~~~~~~~~~~~~~~~~~~~~~~~~~~~~~~~~~~~~~~~~~~~~~~">
        <location
            file="build.gradle.kts"
            line="68"
            column="20"/>
    </issue>

    <issue
        id="GradleDependency"
        message="A newer version of com.google.android.gms:play-services-auth than 20.7.0 is available: 21.3.0"
        errorLine1="    implementation(&quot;com.google.android.gms:play-services-auth:20.7.0&quot;)"
        errorLine2="                   ~~~~~~~~~~~~~~~~~~~~~~~~~~~~~~~~~~~~~~~~~~~~~~~~~~">
        <location
            file="build.gradle.kts"
            line="72"
            column="20"/>
    </issue>

    <issue
        id="GradleDependency"
        message="A newer version of androidx.lifecycle:lifecycle-runtime-ktx than 2.7.0 is available: 2.8.7"
        errorLine1="    implementation(&quot;androidx.lifecycle:lifecycle-runtime-ktx:2.7.0&quot;)"
        errorLine2="                   ~~~~~~~~~~~~~~~~~~~~~~~~~~~~~~~~~~~~~~~~~~~~~~~~">
        <location
            file="build.gradle.kts"
            line="81"
            column="20"/>
    </issue>

    <issue
        id="GradleDependency"
        message="A newer version of androidx.test.ext:junit than 1.1.5 is available: 1.2.1"
        errorLine1="    androidTestImplementation(&quot;androidx.test.ext:junit:1.1.5&quot;)"
        errorLine2="                              ~~~~~~~~~~~~~~~~~~~~~~~~~~~~~~~">
        <location
            file="build.gradle.kts"
            line="84"
            column="31"/>
    </issue>

    <issue
        id="GradleDependency"
        message="A newer version of androidx.test.espresso:espresso-core than 3.5.1 is available: 3.6.1"
        errorLine1="    androidTestImplementation(&quot;androidx.test.espresso:espresso-core:3.5.1&quot;)"
        errorLine2="                              ~~~~~~~~~~~~~~~~~~~~~~~~~~~~~~~~~~~~~~~~~~~~">
        <location
            file="build.gradle.kts"
            line="85"
            column="31"/>
    </issue>

    <issue
        id="GradleDependency"
        message="A newer version of com.google.android.gms:play-services-base than 18.2.0 is available: 18.5.0"
        errorLine1="    implementation(&quot;com.google.android.gms:play-services-base:18.2.0&quot;)"
        errorLine2="                   ~~~~~~~~~~~~~~~~~~~~~~~~~~~~~~~~~~~~~~~~~~~~~~~~~~">
        <location
            file="build.gradle.kts"
            line="90"
            column="20"/>
    </issue>

    <issue
        id="GradleDependency"
        message="A newer version of com.google.api:gax than 2.23.0 is available: 2.23.3"
        errorLine1="    implementation(&quot;com.google.api:gax:2.23.0&quot;)"
        errorLine2="                   ~~~~~~~~~~~~~~~~~~~~~~~~~~~">
        <location
            file="build.gradle.kts"
            line="96"
            column="20"/>
    </issue>

    <issue
        id="GradleDependency"
        message="A newer version of androidx.core:core-ktx than 1.10.1 is available: 1.15.0"
        errorLine1="coreKtx = &quot;1.10.1&quot;"
        errorLine2="          ~~~~~~~~">
        <location
            file="$HOME/AndroidStudioProjects/Screensaver/gradle/libs.versions.toml"
            line="4"
            column="11"/>
    </issue>

    <issue
        id="GradleDependency"
        message="A newer version of androidx.core:core-ktx than 1.10.1 is available: 1.15.0"
        errorLine1="coreKtx = &quot;1.10.1&quot;"
        errorLine2="          ~~~~~~~~">
        <location
            file="$HOME/AndroidStudioProjects/Screensaver/gradle/libs.versions.toml"
            line="4"
            column="11"/>
    </issue>

    <issue
        id="GradleDependency"
        message="A newer version of androidx.core:core-ktx than 1.10.1 is available: 1.15.0"
        errorLine1="coreKtx = &quot;1.10.1&quot;"
        errorLine2="          ~~~~~~~~">
        <location
            file="$HOME/AndroidStudioProjects/Screensaver/gradle/libs.versions.toml"
            line="4"
            column="11"/>
    </issue>

    <issue
        id="GradleDependency"
        message="A newer version of androidx.test.ext:junit than 1.1.5 is available: 1.2.1"
        errorLine1="junitVersion = &quot;1.1.5&quot;"
        errorLine2="               ~~~~~~~">
        <location
            file="$HOME/AndroidStudioProjects/Screensaver/gradle/libs.versions.toml"
            line="6"
            column="16"/>
    </issue>

    <issue
        id="GradleDependency"
        message="A newer version of androidx.test.ext:junit than 1.1.5 is available: 1.2.1"
        errorLine1="junitVersion = &quot;1.1.5&quot;"
        errorLine2="               ~~~~~~~">
        <location
            file="$HOME/AndroidStudioProjects/Screensaver/gradle/libs.versions.toml"
            line="6"
            column="16"/>
    </issue>

    <issue
        id="GradleDependency"
        message="A newer version of androidx.test.ext:junit than 1.1.5 is available: 1.2.1"
        errorLine1="junitVersion = &quot;1.1.5&quot;"
        errorLine2="               ~~~~~~~">
        <location
            file="$HOME/AndroidStudioProjects/Screensaver/gradle/libs.versions.toml"
            line="6"
            column="16"/>
    </issue>

    <issue
        id="GradleDependency"
        message="A newer version of androidx.test.espresso:espresso-core than 3.5.1 is available: 3.6.1"
        errorLine1="espressoCore = &quot;3.5.1&quot;"
        errorLine2="               ~~~~~~~">
        <location
            file="$HOME/AndroidStudioProjects/Screensaver/gradle/libs.versions.toml"
            line="7"
            column="16"/>
    </issue>

    <issue
        id="GradleDependency"
        message="A newer version of androidx.test.espresso:espresso-core than 3.5.1 is available: 3.6.1"
        errorLine1="espressoCore = &quot;3.5.1&quot;"
        errorLine2="               ~~~~~~~">
        <location
            file="$HOME/AndroidStudioProjects/Screensaver/gradle/libs.versions.toml"
            line="7"
            column="16"/>
    </issue>

    <issue
        id="GradleDependency"
        message="A newer version of androidx.test.espresso:espresso-core than 3.5.1 is available: 3.6.1"
        errorLine1="espressoCore = &quot;3.5.1&quot;"
        errorLine2="               ~~~~~~~">
        <location
            file="$HOME/AndroidStudioProjects/Screensaver/gradle/libs.versions.toml"
            line="7"
            column="16"/>
    </issue>

    <issue
        id="GradleDependency"
        message="A newer version of androidx.lifecycle:lifecycle-runtime-ktx than 2.6.1 is available: 2.8.7"
        errorLine1="lifecycleRuntimeKtx = &quot;2.6.1&quot;"
        errorLine2="                      ~~~~~~~">
        <location
            file="$HOME/AndroidStudioProjects/Screensaver/gradle/libs.versions.toml"
            line="8"
            column="23"/>
    </issue>

    <issue
        id="GradleDependency"
        message="A newer version of androidx.lifecycle:lifecycle-runtime-ktx than 2.6.1 is available: 2.8.7"
        errorLine1="lifecycleRuntimeKtx = &quot;2.6.1&quot;"
        errorLine2="                      ~~~~~~~">
        <location
            file="$HOME/AndroidStudioProjects/Screensaver/gradle/libs.versions.toml"
            line="8"
            column="23"/>
    </issue>

    <issue
        id="GradleDependency"
        message="A newer version of androidx.lifecycle:lifecycle-runtime-ktx than 2.6.1 is available: 2.8.7"
        errorLine1="lifecycleRuntimeKtx = &quot;2.6.1&quot;"
        errorLine2="                      ~~~~~~~">
        <location
            file="$HOME/AndroidStudioProjects/Screensaver/gradle/libs.versions.toml"
            line="8"
            column="23"/>
    </issue>

    <issue
        id="GradleDependency"
        message="A newer version of androidx.activity:activity-compose than 1.8.0 is available: 1.10.0"
        errorLine1="activityCompose = &quot;1.8.0&quot;"
        errorLine2="                  ~~~~~~~">
        <location
            file="$HOME/AndroidStudioProjects/Screensaver/gradle/libs.versions.toml"
            line="9"
            column="19"/>
    </issue>

    <issue
        id="GradleDependency"
        message="A newer version of androidx.activity:activity-compose than 1.8.0 is available: 1.10.0"
        errorLine1="activityCompose = &quot;1.8.0&quot;"
        errorLine2="                  ~~~~~~~">
        <location
            file="$HOME/AndroidStudioProjects/Screensaver/gradle/libs.versions.toml"
            line="9"
            column="19"/>
    </issue>

    <issue
        id="GradleDependency"
        message="A newer version of androidx.activity:activity-compose than 1.8.0 is available: 1.10.0"
        errorLine1="activityCompose = &quot;1.8.0&quot;"
        errorLine2="                  ~~~~~~~">
        <location
            file="$HOME/AndroidStudioProjects/Screensaver/gradle/libs.versions.toml"
            line="9"
            column="19"/>
    </issue>

    <issue
        id="GradleDependency"
        message="A newer version of androidx.compose:compose-bom than 2024.04.01 is available: 2025.01.00"
        errorLine1="composeBom = &quot;2024.04.01&quot;"
        errorLine2="             ~~~~~~~~~~~~">
        <location
            file="$HOME/AndroidStudioProjects/Screensaver/gradle/libs.versions.toml"
            line="10"
            column="14"/>
    </issue>

    <issue
        id="GradleDependency"
        message="A newer version of androidx.compose:compose-bom than 2024.04.01 is available: 2025.01.00"
        errorLine1="composeBom = &quot;2024.04.01&quot;"
        errorLine2="             ~~~~~~~~~~~~">
        <location
            file="$HOME/AndroidStudioProjects/Screensaver/gradle/libs.versions.toml"
            line="10"
            column="14"/>
    </issue>

    <issue
        id="GradleDependency"
        message="A newer version of androidx.compose:compose-bom than 2024.04.01 is available: 2025.01.00"
        errorLine1="composeBom = &quot;2024.04.01&quot;"
        errorLine2="             ~~~~~~~~~~~~">
        <location
            file="$HOME/AndroidStudioProjects/Screensaver/gradle/libs.versions.toml"
            line="10"
            column="14"/>
    </issue>

    <issue
        id="ExtraText"
        message="Unexpected text found in layout file: &quot;app:layout_constraintBottom_toTopOf=&quot;@+id/bottom_navigation&quot; app:layout_constraintTop_toTopOf=&quot;paren...&quot;"
        errorLine1="        app:layout_constraintBottom_toTopOf=&quot;@+id/bottom_navigation&quot;"
        errorLine2="        ^">
        <location
            file="src/main/res/layout/activity_main.xml"
            line="14"
            column="9"/>
    </issue>

    <issue
        id="SetJavaScriptEnabled"
        message="Using `setJavaScriptEnabled` can introduce XSS vulnerabilities into your application, review carefully"
        errorLine1="            javaScriptEnabled = true"
        errorLine2="            ~~~~~~~~~~~~~~~~~~~~~~~~">
        <location
            file="src/main/java/com/example/screensaver/WebViewFragment.kt"
            line="55"
            column="13"/>
    </issue>

    <issue
        id="TrustAllX509TrustManager"
        message="`checkClientTrusted` is empty, which could cause insecure network traffic due to trusting arbitrary TLS/SSL certificates presented by peers">
        <location
            file="$GRADLE_USER_HOME/caches/modules-2/files-2.1/com.google.http-client/google-http-client/1.42.3/e0feb1bd93ad9fb1e064706cff96e32b41a57b9c/google-http-client-1.42.3.jar"/>
    </issue>

    <issue
        id="TrustAllX509TrustManager"
        message="`checkServerTrusted` is empty, which could cause insecure network traffic due to trusting arbitrary TLS/SSL certificates presented by peers">
        <location
            file="$GRADLE_USER_HOME/caches/modules-2/files-2.1/com.google.http-client/google-http-client/1.42.3/e0feb1bd93ad9fb1e064706cff96e32b41a57b9c/google-http-client-1.42.3.jar"/>
    </issue>

    <issue
        id="RedundantNamespace"
        message="This namespace declaration is redundant"
        errorLine1="    &lt;FrameLayout xmlns:android=&quot;http://schemas.android.com/apk/res/android&quot;"
        errorLine2="                 ~~~~~~~~~~~~~~~~~~~~~~~~~~~~~~~~~~~~~~~~~~~~~~~~~~~~~~~~~~">
        <location
            file="src/main/res/layout/activity_main.xml"
            line="8"
            column="18"/>
    </issue>

    <issue
        id="UnusedNamespace"
        message="Unused namespace declaration xmlns:android; already declared on the root element"
        errorLine1="    &lt;FrameLayout xmlns:android=&quot;http://schemas.android.com/apk/res/android&quot;"
        errorLine2="                 ~~~~~~~~~~~~~~~~~~~~~~~~~~~~~~~~~~~~~~~~~~~~~~~~~~~~~~~~~~">
        <location
            file="src/main/res/layout/activity_main.xml"
            line="8"
            column="18"/>
    </issue>

    <issue
        id="UseTomlInstead"
        message="Use version catalog instead (androidx.core:core-ktx is already available as `androidx-core-ktx`, but using version 1.10.1 instead)"
        errorLine1="    implementation(&quot;androidx.core:core-ktx:1.12.0&quot;)"
        errorLine2="                   ~~~~~~~~~~~~~~~~~~~~~~~~~~~~~~~">
        <location
            file="build.gradle.kts"
            line="65"
            column="20"/>
    </issue>

    <issue
        id="UseTomlInstead"
        message="Use version catalog instead"
        errorLine1="    implementation(&quot;androidx.appcompat:appcompat:1.6.1&quot;)"
        errorLine2="                   ~~~~~~~~~~~~~~~~~~~~~~~~~~~~~~~~~~~~">
        <location
            file="build.gradle.kts"
            line="66"
            column="20"/>
    </issue>

    <issue
        id="UseTomlInstead"
        message="Use version catalog instead"
        errorLine1="    implementation(&quot;com.google.android.material:material:1.11.0&quot;)"
        errorLine2="                   ~~~~~~~~~~~~~~~~~~~~~~~~~~~~~~~~~~~~~~~~~~~~~">
        <location
            file="build.gradle.kts"
            line="67"
            column="20"/>
    </issue>

    <issue
        id="UseTomlInstead"
        message="Use version catalog instead"
        errorLine1="    implementation(&quot;androidx.constraintlayout:constraintlayout:2.1.4&quot;)"
        errorLine2="                   ~~~~~~~~~~~~~~~~~~~~~~~~~~~~~~~~~~~~~~~~~~~~~~~~~~">
        <location
            file="build.gradle.kts"
            line="68"
            column="20"/>
    </issue>

    <issue
        id="UseTomlInstead"
        message="Use version catalog instead"
        errorLine1="    implementation(&quot;androidx.preference:preference-ktx:1.2.1&quot;)"
        errorLine2="                   ~~~~~~~~~~~~~~~~~~~~~~~~~~~~~~~~~~~~~~~~~~">
        <location
            file="build.gradle.kts"
            line="69"
            column="20"/>
    </issue>

    <issue
        id="UseTomlInstead"
        message="Use version catalog instead"
        errorLine1="    implementation(&quot;com.google.android.gms:play-services-auth:20.7.0&quot;)"
        errorLine2="                   ~~~~~~~~~~~~~~~~~~~~~~~~~~~~~~~~~~~~~~~~~~~~~~~~~~">
        <location
            file="build.gradle.kts"
            line="72"
            column="20"/>
    </issue>

    <issue
        id="UseTomlInstead"
        message="Use version catalog instead"
        errorLine1="    implementation(&quot;com.squareup.retrofit2:retrofit:2.9.0&quot;)"
        errorLine2="                   ~~~~~~~~~~~~~~~~~~~~~~~~~~~~~~~~~~~~~~~">
        <location
            file="build.gradle.kts"
            line="75"
            column="20"/>
    </issue>

    <issue
        id="UseTomlInstead"
        message="Use version catalog instead"
        errorLine1="    implementation(&quot;com.squareup.retrofit2:converter-gson:2.9.0&quot;)"
        errorLine2="                   ~~~~~~~~~~~~~~~~~~~~~~~~~~~~~~~~~~~~~~~~~~~~~">
        <location
            file="build.gradle.kts"
            line="76"
            column="20"/>
    </issue>

    <issue
        id="UseTomlInstead"
        message="Use version catalog instead"
        errorLine1="    implementation(&quot;org.jetbrains.kotlinx:kotlinx-coroutines-android:1.7.3&quot;)"
        errorLine2="                   ~~~~~~~~~~~~~~~~~~~~~~~~~~~~~~~~~~~~~~~~~~~~~~~~~~~~~~~~">
        <location
            file="build.gradle.kts"
            line="79"
            column="20"/>
    </issue>

    <issue
        id="UseTomlInstead"
        message="Use version catalog instead"
        errorLine1="    implementation(&quot;org.jetbrains.kotlinx:kotlinx-coroutines-core:1.7.3&quot;)"
        errorLine2="                   ~~~~~~~~~~~~~~~~~~~~~~~~~~~~~~~~~~~~~~~~~~~~~~~~~~~~~">
        <location
            file="build.gradle.kts"
            line="80"
            column="20"/>
    </issue>

    <issue
        id="UseTomlInstead"
        message="Use version catalog instead (androidx.lifecycle:lifecycle-runtime-ktx is already available as `androidx-lifecycle-runtime-ktx`, but using version 2.6.1 instead)"
        errorLine1="    implementation(&quot;androidx.lifecycle:lifecycle-runtime-ktx:2.7.0&quot;)"
        errorLine2="                   ~~~~~~~~~~~~~~~~~~~~~~~~~~~~~~~~~~~~~~~~~~~~~~~~">
        <location
            file="build.gradle.kts"
            line="81"
            column="20"/>
    </issue>

    <issue
        id="UseTomlInstead"
        message="Use the existing version catalog reference (`libs.junit`) instead"
        errorLine1="    testImplementation(&quot;junit:junit:4.13.2&quot;)"
        errorLine2="                       ~~~~~~~~~~~~~~~~~~~~">
        <location
            file="build.gradle.kts"
            line="83"
            column="24"/>
    </issue>

    <issue
        id="UseTomlInstead"
        message="Use the existing version catalog reference (`libs.androidx.junit`) instead"
        errorLine1="    androidTestImplementation(&quot;androidx.test.ext:junit:1.1.5&quot;)"
        errorLine2="                              ~~~~~~~~~~~~~~~~~~~~~~~~~~~~~~~">
        <location
            file="build.gradle.kts"
            line="84"
            column="31"/>
    </issue>

    <issue
        id="UseTomlInstead"
        message="Use the existing version catalog reference (`libs.androidx.espresso.core`) instead"
        errorLine1="    androidTestImplementation(&quot;androidx.test.espresso:espresso-core:3.5.1&quot;)"
        errorLine2="                              ~~~~~~~~~~~~~~~~~~~~~~~~~~~~~~~~~~~~~~~~~~~~">
        <location
            file="build.gradle.kts"
            line="85"
            column="31"/>
    </issue>

    <issue
        id="UseTomlInstead"
        message="Use version catalog instead"
        errorLine1="    implementation(&quot;com.google.api-client:google-api-client-android:2.2.0&quot;)"
        errorLine2="                   ~~~~~~~~~~~~~~~~~~~~~~~~~~~~~~~~~~~~~~~~~~~~~~~~~~~~~~~">
        <location
            file="build.gradle.kts"
            line="87"
            column="20"/>
    </issue>

    <issue
        id="UseTomlInstead"
        message="Use version catalog instead"
        errorLine1="    implementation(&quot;com.google.photos.library:google-photos-library-client:1.7.3&quot;)"
        errorLine2="                   ~~~~~~~~~~~~~~~~~~~~~~~~~~~~~~~~~~~~~~~~~~~~~~~~~~~~~~~~~~~~~~">
        <location
            file="build.gradle.kts"
            line="88"
            column="20"/>
    </issue>

    <issue
        id="UseTomlInstead"
        message="Use version catalog instead"
        errorLine1="    implementation(&quot;com.google.auth:google-auth-library-oauth2-http:1.19.0&quot;)"
        errorLine2="                   ~~~~~~~~~~~~~~~~~~~~~~~~~~~~~~~~~~~~~~~~~~~~~~~~~~~~~~~~">
        <location
            file="build.gradle.kts"
            line="89"
            column="20"/>
    </issue>

    <issue
        id="UseTomlInstead"
        message="Use version catalog instead"
        errorLine1="    implementation(&quot;com.google.android.gms:play-services-base:18.2.0&quot;)"
        errorLine2="                   ~~~~~~~~~~~~~~~~~~~~~~~~~~~~~~~~~~~~~~~~~~~~~~~~~~">
        <location
            file="build.gradle.kts"
            line="90"
            column="20"/>
    </issue>

    <issue
        id="UseTomlInstead"
        message="Use version catalog instead"
        errorLine1="    implementation(&quot;com.google.oauth-client:google-oauth-client-jetty:1.34.1&quot;)"
        errorLine2="                   ~~~~~~~~~~~~~~~~~~~~~~~~~~~~~~~~~~~~~~~~~~~~~~~~~~~~~~~~~~">
        <location
            file="build.gradle.kts"
            line="92"
            column="20"/>
    </issue>

    <issue
        id="UseTomlInstead"
        message="Use version catalog instead"
        errorLine1="    implementation(&quot;com.google.auth:google-auth-library-oauth2-http:1.19.0&quot;)"
        errorLine2="                   ~~~~~~~~~~~~~~~~~~~~~~~~~~~~~~~~~~~~~~~~~~~~~~~~~~~~~~~~">
        <location
            file="build.gradle.kts"
            line="93"
            column="20"/>
    </issue>

    <issue
        id="UseTomlInstead"
        message="Use version catalog instead"
        errorLine1="    implementation(&quot;com.google.api:gax:2.23.0&quot;)"
        errorLine2="                   ~~~~~~~~~~~~~~~~~~~~~~~~~~~">
        <location
            file="build.gradle.kts"
            line="96"
            column="20"/>
    </issue>

    <issue
        id="HardcodedText"
        message="Hardcoded string &quot;Screensaver&quot;, should use `@string` resource"
        errorLine1="        android:title=&quot;Screensaver&quot; />"
        errorLine2="        ~~~~~~~~~~~~~~~~~~~~~~~~~~~">
        <location
            file="src/main/res/menu/bottom_nav_menu.xml"
            line="6"
            column="9"/>
    </issue>

    <issue
        id="HardcodedText"
        message="Hardcoded string &quot;Settings&quot;, should use `@string` resource"
        errorLine1="        android:title=&quot;Settings&quot; />"
        errorLine2="        ~~~~~~~~~~~~~~~~~~~~~~~~">
        <location
            file="src/main/res/menu/bottom_nav_menu.xml"
            line="10"
            column="9"/>
    </issue>

</issues>
